﻿1,"Điểm 1 Mục II, phần I, Chuyên đề 4 trang 111, 112 (QĐ 2386/QĐ-TCHQ)",Lý thuyết,Anh/Chị cho biết cơ chế phối họp là gì?,"Phương thức tổ chức hoạt động của các cơ quan, tổ chức lại với nhau để thực hiện các chức năng, nhiệm vụ được giao nhằm thực hiện mục tiêu chung","Phương thức tổ chức hoạt động của các cơ quan, tồ chức lại với nhau để thực hiện các chức năng, nhiệm vụ được giao nhằm thực hiện các mục tiêu riêng của từng đơn vị",1
,,,,,"Phương thức tổ chức thực hiện của từng đơn vị để thực hiện các nhiệm vụ chung được giao theo chức năng, nhiệm vụ quyền hạn",
,,,,,Phương thức tổ chức hoạt động của từng đơn vị để thực hiện các nhiệm vụ chung được giao nhằm thực hiện mục tiêu riêng của từng đơn vị,
,,,,,Phương thức tổ chức hoạt động của từng đơn vị để thể hiện vai trò của mình trong các hoạt động chung với các đơn vị khác,
2,"Điểm 2 Mục I, phần I, Chuyên đề 4 trang 112 (QĐ 2386/QĐ-TCHQ)",Lý thuyết,Anh/Chị hãy cho biết vai trò nào sau đây là vai trò của cơ chế phối hợp?,Đảm bảo cho việc thực thi hoạt động công vụ được thực hiện trong thực tế,Ràng buộc trách nhiệm lẫn nhau giữa các chủ thể tham gia thực hiện hoạt động hành chính nhà nước,2
,,,,"Tạo sự hợp tác nhất quán, đồng bộ và xuyên suốt giữa các chủ thể tham gia thực hiện hoạt động hành chính nhà nước, bao gồm cả người thi hành công vụ và cả các tổ chức, công dân","Xác định rõ chức năng, nhiệm vụ, quyền hạn của các chủ thể tham gia thực hiện hoạt động hành chính nhà nước trong thực thi công vụ",
,,,,"Phát huy được các nguồn lực để tập trung và xử lý có hiệu quả những vấn đề khó khăn, phức tạp trong thực thi công vụ mà đối với một người, một cơ quan, tổ chức không thể giải quyết được",,
3,"Điểm 1 Mục II, phần II, Chuyên đề 4 trang 122 (QĐ 2386/QĐ-TCHQ)",Lý thuyết,Anh/ chị hãy cho biết khó khăn thường gặp trong khi thực hiện cơ chế phối hợp giữa các ngành?,"Việc thực hiện chế độ thông tin báo cáo chưa kịp thời, đúng chế độ",Thông tin được cung cấp nhiều và đa dạng,3
,,,,Thiếu chủ động của các đơn vị thực thi trong đề xuất phối hợp khi cần thiết,Phải tổ chức nhiều cuộc họp,
,,,,Chưa đảm bảo thời hạn hoặc không thực hiện thường xuyên,,
,,,,Việc xác định rõ trách nhiệm không đúng,,
,,,,"Việc phối hợp đôi lúc mang tính hình thức, có sự đùn đẩy trách nhiệm 1",,
,,,,Việc hướng dẫn của mỗi ngành có quan điểm khác nhau,,
,,,,"Khi có vướng mắc trong quá trình giải quyết chỉ tiến hành họp thống nhất nội bộ ở cấp mình và triển khai thực hiện mà không chú ý báo cáo kết quả hoặc xin ý kiến chỉ đạo của cấp ưên trực tiếp nên việc giải quyết không chính xác, dẫn đến việc giải quyết kéo dài",,
4,"Điểm 2 Mục II, phần II, Chuyên đề 4 trang 123 (QĐ 2386/QĐ-TCHQ)",Lý thuyết,Nguyên nhân của những hạn chế khi thực hiện phối hợp là gì?,Nhận thức của đội ngũ thực hiện chưa thống nhất còn mang tính cục bộ riêng của mỗi ngành,Trình độ của các công chức thực hiện nhiệm vụ chưa cao,3
,,,,Lãnh đạo đon vị chưa thật sự quan tâm sâu sát,Các công việc phối hợp không được tính vào thành tích của đon vị,
,,,,"Lãnh đạo đơn vị quá tin tưởng vào báo cáo đề xuất cán bộ, không trực tiếp nghiên cứu nên chưa phát hiện được những sai sót để kịp thời yêu cầu khắc phục",,
,,,,Việc tổ chức rút kinh nghiệm chung của các ngành chưa được thực hiện,,
,,,,"Cán bộ không nắm đầy đủ các quy định của pháp luật, tâm lý còn e ngại, né trách, sợ trách nhiệm, chưa tâm huyết với công việc được giao",,
,,,,Việc khắc phục tồn tại còn chậm,,
5,"Điểm 3 Mục II, phần II, Chuyên đề 4 trang 123- 124 (QĐ 2386/QĐ-TCHQ)",Lý thuyết,Để đảm bảo sự phối hợp giữa các cơ quan tổ chức được hiệu quả cần phải thực hiện các việc nào sau đây?,"Nghiên cứu, xây dựng và ban hành văn bản quy phạm pháp luật về cơ chế phối hợp một cách đồng bộ, thống nhất và đầy đủ",Làm hộ phần việc của đơn vị khác,3
,,,,"Đẩy mạnh hoạt động xây dựng và ban hành quy chế phối hợp giữa các cơ quan, tồ chức",Đào tạo nhân viên trong nội bộ đơn vị để nâng cao trình độ chuyên môn nghiệp vụ,
,,,,"Tổ chức công tác tuyên truyền, nâng cao nhận thức của tổ chức, cá nhân trong hoạt động phối hợp",,
,,,,Tổ chức tốt triển khai thực hiện cơ chế phối hợp,,
6,"Điểm 3 Mục II, phần II, Chuyên đề 4 trang 123- 124 (QĐ 2386/QĐ-TCHQ)",Lý thuyết,Quy chế phối hợp cần có nội dung nào sau đây?,Phạm vi điều chỉnh,Các cá nhân của đơn vị tham gia phối hợp,3
,,,,Đối tượng điều chỉnh,Kế hoạch thực hiện của từng nội dung phối hợp,
,,,,Hoạt động phối hợp trong công tác tham mưu cho cấp có thẩm quyền ban hành các văn bản pháp luật về lĩnh vực theo dõi thi hành pháp luật,,
,,,,"Trao đổi, thông báo tình hình",,
,,,,Hoạt động phối hợp trong thực thi nhiệm vụ,,
,,,,Hoạt động phối hợp kiểm tra tình hình thực tế,,
,,,,"Hoạt động phối hợp xử lý vấn đề, vụ việc phát sinh",,
7,"Điểm 3 Mục II, phần II, Chuyên đề 4 trang 123- 124 (QĐ 2386/QĐ-TCHQ)",Lý thuyết,Khi tổ chức thực hiện cơ chế phối hợp cần tập trung làm tốt các nhiệm vụ nào sau đây?,Quán triệt thực hiện nghiêm túc quy chế phối hợp trong quá trình giải quyết công việc,Tập trung vào việc nâng cao chất lượng không cần quan tâm đến khối lượng công việc,3
,,,,Có sự phối hợp thường xuyên để rút kinh nghiệm chung,Làm rõ trách nhiệm của các bên khi xảy ra sai sót,
,,,,"Tăng cường tổ chức các buổi tập huấn, hội thảo, tọa đàm về kỹ năng phối hợp",,
,,,,"Cần tổ chức họp, trao đồi để cùng nhau rút kinh nghiệm chung quá trình giải quyết, khắc phục kịp thời những hạn chế",,
,,,,"Cần rà soát các quy chế phối hợp liên ngành trong quá trình giải quyết để kịp thời sửa đổi, bổ sung nhằm tiếp tục hoàn thiện các quy định góp phần nâng cao hon nữa chất lượng phối hợp",,
8,"Điểm 4 Mục II, phần II, Chuyên đề 4 trang 124- 125 (QĐ 2386/QĐ-TCHQ)",Lý thuyết,Các yếu tố nào sau đây giúp sự phối hợp trong nội bộ tồ chức được ăn ý?,Nêu cao tinh thần hợp tác hon là ganh đua với đồng nghiệp,Nêu ý kiến phản đối đối với các quyết định của tập thể khi không hoàn toàn nhất trí,3
,,,,"Thường xuyên chia sẻ những đề nghị, ý kiến, thông tin của mình với mọi người",Giúp đỡ đồng nghiệp làm các công việc của họ,
,,,,Lắng nghe ý kiến của các cộng sự trước khi khéo léo bày tỏ sự đồng tình hay phản bác,,
,,,,ủng hộ các quyết định của tập thể ngay cả khi không hoàn toàn nhất trí,,
,,,,Chủ động thực hiện phần việc của mình,,
,,,,Không nên làm hộ phần việc của người khác,,
,,,,"sẵn sàng giúp đỡ đồng nghiệp nâng cao kỹ năng, kiến thức cũng như thái độ làm việc",,
,,,,Cư xử với đồng nghiệp bàng sự tôn trọng,,
,,,,Trao đổi ngay với các cộng sự về những thay đổi hay vấn đề nảy sinh trong công việc,,
,,,,"Nếu một thành viên lỡ gây sai sót, hãy nhiệt tình giúp họ gỡ rối",,
9,"Điểm 4 Mục II, phần II, Chuyên đề 4 trang 124- 125 (QĐ 2386/QĐ-TCHQ)",Lý thuyết,Khi thực hiện công tác phối hợp có nên làm hộ phần việc của đồng nghiệp hay không? Giải thích,Không nên làm hộ vì sẽ tạo nên tính ỷ lại trong các đồng nghiệp và tập thể,Nên làm hộ để đảm bảo tiến độ của công việc,1
,,,,Không nên làm hộ vì sẽ không đủ thời gian để thực hiện phần việc của mình,Nên làm hộ để đảm bảo sự đoàn kết của tập thể,
,,,,,Nên làm hộ để nâng cao uy tín của cá nhân trong mát đồng nghiệp,
10,"Điểm 4 Mục II, phần II, Chuyên đề 4 trang 124- 125 (QĐ 2386/QĐ-TCHQ)",Lý thuyết,Anh/ chị cần làm gì khi không hoàn toàn nhất trí với quyết định của tập thể trong khi thực hiện phối hợp?,ủng hộ các quyết định của tập thể vì cần phải tôn trọng quyết định của đa số,Phản đối đến cùng để bảo vệ quan điểm cá nhân,2
,,,,ủng hộ các quyết định của tập thể để đảm bảo tính đoàn kết vì bản thân đang sống trong một tập thể,Phản đối vì các quyết định đó là không phù hợp theo góc nhìn của mình,
,,,,,Phản đối để thể hiện năng lực nổi trội của bản thân,
11,"Điểm 4 Mục II, phần II, Chuyên đề 4 trang 124- 125 (QĐ 2386/QĐ-TCHQ)",Lý thuyết,Để đảm bảo sự phối hợp trong nội bộ đơn vị anh/chị không nên làm những việc nào sau đây?,Không chia sẻ thông tin của mình với đồng nghiệp để tăng lợi thế của cá nhân khi thực hiện công việc,Trao đồi với đồng nghiệp về những thay đổi hay vấn đề nảy sinh trong công việc,2
,,,,Làm hộ phần việc của người khác khi họ yêu cầu giúp đỡ,"Giúp đờ đồng nghiệp nâng cao kỹ năng, kiến thức và thái độ làm việc",
,,,,,Ùng hộ các quyết định của tập thể ngay cả khi không hoàn toàn nhất trí,
